,City Name,Country Code,Temperature(C),Humidity(%),Cloudiness(%),Wind Speed(mph),Latitude,Longitude
0,port alfred,za,21.74,94,24,3.37,-33.59,26.89
1,kholmy,ua,-4.74,89,92,5.27,51.87,32.6
2,anjar,in,21.79,25,0,3.92,23.11,70.03
3,busselton,au,22.52,92,8,3.17,-33.64,115.35
4,albany,au,31.99,34,0,4.42,-35.02,117.88
5,taksimo,ru,-17.84,39,0,1.32,56.36,114.84
6,luderitz,na,17,88,8,2.6,-26.65,15.16
7,kieta,pg,29.02,95,12,1.27,-6.22,155.63
8,atuona,pf,26.52,100,48,5.92,-9.8,-139.03
9,harrison,us,4.8,88,90,2.12,39.26,-84.82
10,thompson,ca,-8,61,40,2.6,55.74,-97.86
11,barrow,us,0.09,92,90,4.1,39.51,-90.4
12,ponta do sol,cv,20.74,100,0,6.67,17.2,-25.09
13,zhongshu,cn,20.39,42,0,5.37,24.52,103.77
14,youkounkoun,gn,22.62,69,0,2.77,12.53,-13.12
15,puerto ayora,ec,26.17,99,24,2.87,-0.74,-90.35
16,kavaratti,in,29.02,99,0,2.97,10.57,72.64
17,punta arenas,cl,9,93,75,1.5,-53.16,-70.91
18,aksarka,ru,-7.96,86,92,7.87,66.56,67.8
19,hilo,us,19,78,90,4.1,19.71,-155.08
20,jinsha,cn,17,67,90,3,24.49,118.41
21,berezayka,ru,-13.19,87,92,5.07,57.99,33.91
22,butaritari,ki,28.17,100,76,5.02,3.07,172.79
23,nanortalik,gl,-5.86,100,80,4.27,60.14,-45.24
24,arraial do cabo,br,24,94,20,2.62,-22.97,-42.02
25,upernavik,gl,-14.79,100,76,3.22,72.79,-56.15
26,ushuaia,ar,10,46,75,6.7,-54.81,-68.31
27,nuevitas,cu,20,68,20,3.1,21.55,-77.27
28,rikitea,pf,26.29,100,44,6.47,-23.12,-134.97
29,custoias,pt,0.97,93,24,1.97,41.11,-7.32
30,danshui,cn,21.29,82,20,5.72,22.81,114.46
31,kapaa,us,23.55,64,90,7.7,22.08,-159.32
32,guanare,ve,24.62,81,100,4.77,9.04,-69.74
33,east london,za,22.97,100,92,9.42,-33.02,27.91
34,bambous virieux,mu,26,83,40,5.1,-20.34,57.76
35,tuktoyaktuk,ca,-13.57,84,75,4.1,69.44,-133.03
36,port elizabeth,za,21,94,90,2.6,-33.92,25.57
37,chuy,uy,18.67,85,68,6.07,-33.69,-53.46
38,faanui,pf,27.74,100,48,3.07,-16.48,-151.75
39,esperance,au,27.67,46,0,5.92,-33.86,121.89
40,qaanaaq,gl,-22.69,97,36,2.02,77.48,-69.36
41,rawson,ar,18.99,39,0,5.27,-43.3,-65.11
42,yellowknife,ca,-11,85,75,3.1,62.45,-114.38
43,oktyabrskiy,ru,-10.65,66,0,6,55.61,37.97
44,kondinskoye,ru,-7.44,82,76,6.62,59.65,67.41
45,fort nelson,ca,-5,35,20,1.5,58.81,-122.69
46,hobyo,so,24.67,87,0,7.42,5.35,48.53
47,hobart,au,19,63,20,4.1,-42.88,147.33
48,turukhansk,ru,-10.54,77,92,9.52,65.8,87.96
49,baruun-urt,mn,-10.44,80,0,3.52,46.68,113.28
50,pampa,us,5.85,21,1,4.6,35.54,-100.96
51,victoria,sc,27,83,40,2.1,-4.62,55.45
52,ahipara,nz,18.52,100,88,5.22,-35.17,173.16
53,aracuai,br,22.79,89,76,1.27,-16.85,-42.07
54,vaini,to,31,66,40,2.1,-21.2,-175.2
55,talnakh,ru,-26.21,89,68,1.22,69.49,88.39
56,hervey bay,au,27.72,86,0,8.77,-25.3,152.85
57,sisimiut,gl,-19.39,73,44,1.07,66.94,-53.67
58,ostrovnoy,ru,-12.36,88,68,4.87,68.05,39.51
59,mar del plata,ar,23.49,43,0,7.72,-46.43,-67.52
60,bredasdorp,za,20,88,56,0.5,-34.53,20.04
61,samarai,pg,29.39,100,44,5.82,-10.62,150.67
62,chake chake,tz,26.64,100,68,5.82,-5.25,39.77
63,westport,nz,20.32,68,20,1.07,-41.75,171.6
64,kalaleh,ir,7.67,97,92,1.57,37.38,55.49
65,klaksvik,fo,-3,86,8,2.6,62.23,-6.59
66,ribeira grande,pt,16.57,100,92,12.67,38.52,-28.7
67,kargasok,ru,-0.69,85,92,4.47,59.06,80.87
68,puerto cabezas,ni,24.52,99,0,3.92,14.04,-83.39
69,gemena,cd,20.67,95,48,0.92,3.25,19.78
70,norman wells,ca,-15,77,20,2.1,65.28,-126.83
71,ancud,cl,15.62,89,8,2.12,-41.87,-73.83
72,ko samui,th,31,66,20,3.6,9.54,99.94
73,winnemucca,us,6,41,1,2.1,40.97,-117.74
74,broken hill,au,30.04,31,0,7.82,-31.97,141.45
75,beringovskiy,ru,-0.84,100,80,1.17,63.05,179.32
76,san patricio,mx,25,73,40,3.1,19.22,-104.7
77,kattivakkam,in,25,88,20,1,13.22,80.32
78,ostersund,se,-9,92,88,6.7,63.18,14.64
79,terny,ua,-7.01,88,80,5.22,50.99,33.98
80,batagay-alyta,ru,-25.21,76,44,1.72,67.8,130.41
81,vestmannaeyjar,is,-2.46,100,0,5.92,63.44,-20.27
82,narsaq,gl,-5,41,76,5.7,60.91,-46.05
83,mahebourg,mu,26,83,40,5.1,-20.41,57.7
84,vila franca do campo,pt,17,93,75,10.3,37.72,-25.43
85,avarua,ck,29,66,75,4.1,-21.21,-159.78
86,limbang,my,29.43,74,75,4.6,4.75,115
87,sao filipe,cv,21.07,100,0,6.87,14.9,-24.5
88,lavrentiya,ru,-3.79,100,80,10.87,65.58,-170.99
89,khatanga,ru,-33.74,47,8,2.37,71.98,102.47
90,cape town,za,18,88,0,6.2,-33.93,18.42
91,roura,gf,27,83,75,3.6,4.73,-52.33
92,georgetown,sh,25.17,100,100,2.87,-7.93,-14.42
93,jamestown,sh,22.87,100,88,2.87,-15.94,-5.72
94,priyutovo,ru,-14.11,77,48,5.37,53.89,53.93
95,manokwari,id,27.52,100,44,4.87,-0.87,134.08
96,haines junction,ca,-16.61,78,68,0.92,60.75,-137.51
97,abapo,bo,18.72,90,92,1.17,-18.83,-63.47
98,tiksi,ru,-27.04,74,36,1.87,71.64,128.87
99,belaya gora,ru,-26.74,72,56,2.12,68.54,146.19
100,ulladulla,au,23,46,0,5.1,-35.36,150.48
101,helong,cn,15.47,99,92,1.47,25.94,116.13
102,madison,us,-1.71,86,90,7.2,43.07,-89.38
103,ketchikan,us,1.69,100,75,2.1,55.34,-131.65
104,tuatapere,nz,13.49,100,48,4.92,-46.13,167.69
105,santa maria,cv,20,82,75,5.7,16.6,-22.9
106,bluff,nz,15.32,100,0,6.82,-46.6,168.33
107,mahanoro,mg,21.89,100,32,1.47,-19.9,48.8
108,iqaluit,ca,-21,76,20,1,63.75,-68.52
109,watrous,ca,-14.59,71,0,3.97,51.67,-105.46
110,hacienda heights,us,20.32,13,1,1.5,33.99,-117.97
111,hualmay,pe,18.62,78,8,1.27,-11.1,-77.61
112,banda aceh,id,27.27,95,0,1.17,5.56,95.32
113,alofi,nu,28,78,75,4.1,-19.06,-169.92
114,dolores,ar,12.79,75,0,1.82,-36.31,-57.68
115,lagoa,pt,8,93,0,1,37.14,-8.45
116,kurilsk,ru,-5.04,100,12,4.82,45.23,147.88
117,calvinia,za,8.02,87,0,1.17,-31.47,19.78
118,havre-saint-pierre,ca,0,81,90,3.6,50.23,-63.6
119,port blair,in,28.17,100,0,3.12,11.67,92.75
120,hikari,jp,8,49,75,4.6,33.97,131.95
121,puerto escondido,mx,26.87,100,0,2.82,15.86,-97.07
122,rancho palos verdes,us,19.58,31,20,6.7,33.75,-118.37
123,san felipe,mx,19.89,82,0,5.42,31.02,-114.84
124,bulgan,mn,-9.59,63,0,1.82,48.81,103.53
125,zemio,cf,20.52,83,8,1.22,5.02,25.13
126,sioux lookout,ca,-10.6,66,90,2.6,50.1,-91.92
127,saint-philippe,re,26,83,90,10.3,-21.36,55.77
128,balkanabat,tm,2.64,65,32,2.27,39.51,54.36
129,aklavik,ca,-10,66,75,2.1,68.22,-135.01
130,sitka,us,5.14,30,0,7.72,37.17,-99.65
131,el terrero,hn,23,60,1,6.2,14.73,-87.16
132,torbay,ca,0,88,90,12.9,47.66,-52.73
133,voghera,it,8.06,100,75,1.5,44.99,9.01
134,blackwater,au,31.12,47,68,7.92,-23.58,148.88
135,alice springs,au,29,21,36,5.7,-23.7,133.88
136,acajutla,sv,28,69,20,2.1,13.59,-89.83
137,biltine,td,19.92,16,0,5.57,14.53,20.93
138,acapulco,mx,26,88,5,1.5,16.86,-99.88
139,novoleushkovskaya,ru,1.37,96,92,6.42,45.99,39.99
140,luanda,ao,24,88,0,1.5,-8.83,13.24
141,bethel,us,0,91,90,8.2,60.79,-161.76
142,hay river,ca,-12,85,75,2.1,60.82,-115.79
143,saint george,bm,15,72,75,7.7,32.38,-64.68
144,korla,cn,2.47,61,0,1.77,41.76,86.15
145,niksic,me,10.32,100,75,0.5,42.77,18.95
146,new norfolk,au,19,63,20,4.1,-42.78,147.06
147,caravelas,br,27.39,100,76,7.17,-17.73,-39.27
148,tura,ru,-18.09,75,64,1.32,64.27,100.22
149,lysva,ru,-17.46,71,48,8.62,58.11,57.8
150,kutum,sd,11.37,28,0,4.07,14.2,24.66
151,port-gentil,ga,26.54,99,64,1.97,-0.72,8.78
152,hermanus,za,16.37,97,80,1.72,-34.42,19.24
153,leningradskiy,ru,-17.21,100,64,1.82,69.38,178.42
154,campoverde,pe,24,94,75,1,-8.48,-74.81
155,mahajanga,mg,25,94,40,2.1,-15.72,46.32
156,ulety,ru,-15.51,48,0,1.72,51.36,112.48
157,elko,us,-2,58,1,2.1,40.83,-115.76
158,altay,cn,-11.49,57,32,1.07,47.83,88.13
159,medvezhyegorsk,ru,-25.44,42,20,1.12,62.92,34.47
160,mae sai,th,21,83,0,1.17,20.43,99.88
161,castro,cl,13.27,95,0,1.97,-42.48,-73.76
162,taoudenni,ml,15.17,58,0,2.62,22.68,-3.98
163,maniitsoq,gl,-16.04,84,8,3.57,65.42,-52.9
164,vao,nc,25.92,100,92,7.72,-22.67,167.48
165,boa vista,br,27,83,75,1.5,2.82,-60.67
166,aviles,es,6,75,20,4.1,43.55,-5.92
167,murgab,tm,9,87,75,4.1,37.5,61.97
168,meulaboh,id,27.37,100,24,1.52,4.14,96.13
169,christchurch,nz,15,67,0,3.6,-43.53,172.64
170,nikolskoye,ru,-11,61,0,4,59.7,30.79
171,dikson,ru,-21.79,93,12,8.07,73.51,80.55
172,tasiilaq,gl,-11,51,32,1,65.61,-37.64
173,plettenberg bay,za,19.74,100,92,0.57,-34.05,23.37
174,fortuna,us,12.27,50,1,0.47,40.6,-124.16
175,kupang,id,28.89,95,92,2.22,-10.16,123.6
176,nemuro,jp,-4,45,20,3.6,43.32,145.57
177,ajaccio,fr,12.74,82,75,3.1,41.93,8.74
178,mitsukaido,jp,5.82,60,75,6.7,36.02,139.98
179,xining,cn,-0.21,48,0,1.67,36.62,101.77
180,the valley,ai,24,64,0,4.6,18.22,-63.06
181,dunedin,nz,16.32,81,64,2.77,-45.87,170.5
182,kaitangata,nz,16.72,75,88,6.37,-46.28,169.85
183,carnarvon,au,31.64,62,8,4.87,-24.87,113.63
184,waipawa,nz,16.87,100,92,2.32,-39.94,176.59
185,nuqui,co,25.79,100,36,1.27,5.71,-77.27
186,itupiranga,br,26,88,0,0.5,-5.13,-49.33
187,lazaro cardenas,mx,15,15,20,3.6,28.39,-105.62
188,tommot,ru,-20.74,52,36,3.12,58.97,126.27
189,saskylakh,ru,-28.46,56,24,0.77,71.97,114.09
190,worland,us,-4.25,67,1,4.1,44.02,-107.96
191,markova,ru,-16,54,0,4,52.21,104.21
192,hofn,is,0,100,0,5.7,64.25,-15.21
193,makhu,in,14,93,0,1.32,31.11,74.97
194,sorland,no,-2.04,100,44,8.02,67.67,12.69
195,veshkayma,ru,-20.39,53,24,1.97,54.05,47.12
196,kavieng,pg,28.27,100,80,5.57,-2.57,150.8
197,tete,mz,20.57,93,20,0.32,-16.16,33.59
198,nioaque,br,25.87,82,20,1.97,-21.16,-55.83
199,buala,sb,26.54,100,44,1.27,-8.15,159.59
200,gao,ml,19.24,44,0,2.77,16.28,-0.04
201,mandalgovi,mn,-9.44,80,0,2.67,45.76,106.27
202,solnechnyy,ru,-11.09,50,8,3.47,50.72,136.64
203,amudat,ug,13.17,92,8,1.17,1.95,34.95
204,itarema,br,25.79,91,80,2.52,-2.92,-39.92
205,mlalo,tz,18.52,94,48,0.92,-4.58,38.35
206,hasaki,jp,5.4,60,75,6.7,35.73,140.83
207,itaituba,br,23.54,98,0,1.12,-4.26,-55.99
208,kontagora,ng,21.67,71,0,1.22,10.4,5.47
209,svetlogorsk,ru,-15,60,90,6,53.14,59.15
210,barranca,pe,18.99,96,24,2.57,-10.75,-77.76
211,sosnogorsk,ru,-15.26,68,64,4.12,63.59,53.93
212,anadyr,ru,-7,85,90,4,64.73,177.51
213,lebu,cl,14.04,92,0,6.82,-37.62,-73.65
214,zalaszentgrot,hu,1,70,90,1.12,46.94,17.08
215,lewisporte,ca,-2,100,90,9.3,49.25,-55.06
216,shitkino,ru,-15.51,70,0,1.77,56.37,98.35
217,alaca,tr,4.02,81,48,2.72,40.17,34.84
218,oistins,bb,26,88,40,6.7,13.07,-59.53
219,sarangani,ph,28.74,98,8,0.72,5.4,125.46
220,nouadhibou,mr,19.77,80,0,7.82,20.93,-17.03
221,mookane,bw,20.92,65,68,1.62,-23.68,26.66
222,esmeraldas,ec,27,74,75,3.6,-1.87,-79.8
223,jackson,us,9.15,31,90,6.2,35.61,-88.82
224,cabo san lucas,mx,20.55,72,5,2.1,22.89,-109.91
225,galbshtadt,ru,-0.64,93,68,9.97,53.23,78.98
226,cuauhtemoc,mx,26,15,5,3.1,28.72,-111.63
227,paragominas,br,23.32,97,36,1.32,-3,-47.35
228,tazovskiy,ru,-8.74,87,92,10.07,67.47,78.7
229,benghazi,ly,17.62,96,12,7.97,32.12,20.07
230,margate,za,21.79,98,88,4.07,-30.86,30.37
231,provideniya,ru,-4,68,75,8,64.42,-173.23
232,havelock,us,10.99,100,90,3.6,34.88,-76.9
233,luwingu,zm,13.54,90,12,1.02,-10.26,29.92
234,ntungamo,ug,16.02,95,80,1.17,-0.87,30.27
235,somerset,us,0.91,74,90,1.42,41.77,-71.13
236,watertown,us,-8,78,1,7.2,44.9,-97.12
237,lahad datu,my,27.77,86,8,1.77,5.02,118.33
238,makakilo city,us,23.75,53,40,5.7,21.35,-158.09
239,camacha,pt,18,93,75,4.6,33.08,-16.33
240,alamosa,us,-1.77,31,1,2.1,37.47,-105.87
241,aswan,eg,23,16,0,0.5,24.09,32.9
242,biak,id,25.42,100,92,1.22,-0.91,122.88
243,novo aripuana,br,25.77,90,12,1.32,-5.12,-60.38
244,kloulklubed,pw,31.46,55,90,3.6,7.04,134.26
245,ramshir,ir,17.53,72,0,3.1,30.89,49.41
246,grindavik,is,-2.59,63,0,4.1,63.84,-22.43
247,cherskiy,ru,-23.11,69,0,1.57,68.75,161.3
248,paamiut,gl,-5.24,100,0,6.12,61.99,-49.67
249,jaguarari,br,21.39,90,32,0.82,-10.26,-40.2
250,saldanha,za,15,87,0,4.1,-33.01,17.94
251,constitucion,mx,22,18,40,2.1,23.99,-104.67
252,yerbogachen,ru,-17.99,75,68,2.22,61.28,108.01
253,upata,ve,22.47,95,80,2.22,8.02,-62.41
254,hamilton,bm,15,72,75,7.7,32.3,-64.78
255,pakxan,la,27.49,68,24,1.22,18.39,103.66
256,chifeng,cn,1.12,47,88,5.67,42.27,118.96
257,calbuco,cl,14,93,0,3.1,-41.77,-73.13
258,chokurdakh,ru,-27.29,51,32,2.67,70.62,147.9
259,praia da vitoria,pt,17,82,20,10.92,38.73,-27.07
260,kifri,iq,9.64,75,24,1.97,34.69,44.96
261,evensk,ru,-5.74,100,76,7.97,61.92,159.24
262,maceio,br,25,94,0,3.6,-9.67,-35.74
263,safford,us,17,13,1,2.22,32.83,-109.71
264,tera,ne,23.17,25,0,5.27,14.01,0.75
265,port lincoln,au,24.49,69,0,6.57,-34.72,135.86
266,kruisfontein,za,19.52,93,92,1.17,-34,24.73
267,hithadhoo,mv,29.14,100,92,3.87,-0.6,73.08
268,coari,br,26.14,90,24,2.67,-4.09,-63.14
269,delvine,al,13,82,75,3.6,39.95,20.1
270,calabozo,ve,24.47,84,36,4.32,8.92,-67.43
271,cidreira,br,20.17,85,48,2.02,-30.17,-50.22
272,noyabrsk,ru,-4.99,90,80,9.32,63.2,75.45
273,tessalit,ml,13.82,51,0,1.22,20.2,1.01
274,swellendam,za,20,88,92,0.5,-34.02,20.44
275,severo-kurilsk,ru,-5.86,100,36,8.87,50.68,156.12
276,stykkisholmur,is,-2.21,100,20,5.27,65.08,-22.73
277,nishihara,jp,5.98,92,75,7.2,35.74,139.53
278,wakkanai,jp,-5,57,75,9.8,45.41,141.67
279,berlevag,no,-10.04,100,64,1.42,70.86,29.09
280,gamba,ga,26.92,100,36,2.87,-2.72,10.02
281,northam,au,26,65,40,2.6,-31.65,116.67
282,mglin,ru,-6.26,88,92,5.62,53.06,32.85
283,punto fijo,ve,25.97,73,0,7.37,11.69,-70.21
284,pisco,pe,22,78,90,5.1,-13.71,-76.2
285,la ronge,ca,-10,92,90,1,55.1,-105.3
286,lompoc,us,15.5,26,1,1.42,34.64,-120.46
287,sambava,mg,26.82,100,48,3.12,-14.27,50.17
288,kununurra,au,34,34,0,4.6,-15.77,128.74
289,qaqortoq,gl,-5,41,80,5.7,60.72,-46.03
290,singapore,sg,28.26,83,40,5.1,1.29,103.85
291,sawtell,au,26,54,75,7.7,-30.38,153.1
292,shimoda,jp,7,100,75,10.8,34.7,138.93
293,thunder bay,ca,-9,66,90,3.6,48.41,-89.26
294,lashma,ru,-15.64,81,88,3.67,54.93,41.14
295,omboue,ga,27.54,100,20,2.67,-1.57,9.26
296,saint-francois,gp,25,73,90,1.5,16.25,-61.27
297,jiexiu,cn,4.04,86,32,4.37,37.02,111.92
298,fairbanks,us,-3.69,68,90,2.6,64.84,-147.72
299,orcopampa,pe,1.62,99,92,0.82,-15.27,-72.34
300,mercedes,ar,19.22,41,0,4.52,-29.18,-58.08
301,matara,lk,26.24,99,0,3.22,5.95,80.54
302,necochea,ar,11.14,92,0,3.52,-38.55,-58.74
303,jeremoabo,br,23.82,92,32,3.02,-10.08,-38.34
304,batagay,ru,-25.86,65,32,1.97,67.65,134.64
305,baykit,ru,-16.44,73,88,1.72,61.68,96.39
306,chiguayante,cl,14,82,0,4.1,-36.93,-73.02
307,salalah,om,20,37,0,1.5,17.01,54.1
308,satka,ru,-16.29,63,44,7.47,55.04,59.03
309,saint-augustin,ca,-0.98,79,75,4.1,45.63,-73.98
310,los llanos de aridane,es,18,77,56,1,28.66,-17.92
311,san carlos de bariloche,ar,15,51,0,2.6,-41.13,-71.31
312,jacareacanga,br,24.42,94,8,0.97,-6.22,-57.76
313,port hardy,ca,6,81,75,3.1,50.7,-127.42
314,lorengau,pg,26.54,100,80,5.92,-2.02,147.27
315,viransehir,tr,6.82,79,76,1.37,37.24,39.76
316,quelimane,mz,25.47,94,92,3.12,-17.88,36.89
317,ingham,au,26.64,100,92,5.87,-18.65,146.16
318,yhu,py,22.74,92,92,2.97,-25.05,-55.92
319,orlik,ru,-15.54,64,0,1.07,52.51,99.83
320,port-cartier,ca,-6,73,90,3.1,50.03,-66.88
321,sira,in,20.47,54,0,2.32,13.74,76.91
322,portland,au,15.74,80,64,2.37,-33.35,149.98
323,cayenne,gf,27,83,75,3.6,4.94,-52.33
324,srednekolymsk,ru,-25.74,44,64,2.77,67.46,153.71
325,pierre,us,-6,79,1,9.3,44.37,-100.35
326,juybar,ir,9,93,90,2.1,36.64,52.91
327,sinjai,id,27.99,85,32,1.22,-5.12,120.25
328,davila,ph,32,59,20,2.1,18.47,120.58
329,bambanglipuro,id,28.77,85,24,2.67,-7.95,110.28
330,talara,pe,23.62,74,36,2.12,-4.58,-81.27
331,akdepe,tm,-4.01,86,0,4.1,42.05,59.39
332,spas,ua,0,93,90,4,50.05,24.48
333,longyearbyen,sj,-15,65,0,5.7,78.22,15.64
334,mamaku,nz,16.72,100,80,1.77,-38.1,176.07
335,gazojak,tm,-1.96,87,0,3.47,41.19,61.4
336,mecca,sa,27,42,0,1.22,21.43,39.83
337,am timan,td,19.72,21,8,4.27,11.04,20.28
338,yenagoa,ng,23.77,91,12,2.82,4.92,6.26
339,koulikoro,ml,25,25,0,1,12.86,-7.56
340,tuapse,ru,9.27,97,92,3.97,44.1,39.07
341,prince rupert,ca,3,64,75,2.1,54.32,-130.32
342,katsuura,jp,6,76,75,6.7,33.93,134.5
343,lewiston,us,4.23,52,1,1.5,46.42,-117.02
344,linqiong,cn,12,81,20,1.07,30.42,103.46
345,palmer,us,-4.01,63,90,4.6,61.6,-149.11
346,kudahuvadhoo,mv,28.17,100,64,5.12,2.67,72.89
347,isangel,vu,28.12,100,80,11.02,-19.55,169.27
348,bandarbeyla,so,24.79,100,0,6.82,9.49,50.81
349,langham,ca,-15,77,20,3.1,52.36,-106.96
350,pacific grove,us,14.98,79,1,1.07,36.62,-121.92
351,okhotsk,ru,-8.14,88,64,1.87,59.36,143.24
352,mackenzie,ca,-7,57,1,3.1,55.34,-123.09
353,zipaquira,co,12,81,20,2.1,5.02,-74
354,geraldton,au,28,61,20,4.6,-28.77,114.6
355,dakar,sn,19,88,0,2.1,14.69,-17.45
356,ganzhou,cn,11.29,98,92,1.92,25.86,114.93
357,stokmarknes,no,-5.64,100,68,7.47,68.56,14.91
358,novochernorechenskiy,ru,-3.36,66,12,3.87,56.27,91.08
359,ilulissat,gl,-14,65,75,6.2,69.22,-51.1
360,mount gambier,au,27.72,43,0,1.07,-37.83,140.78
361,yarada,in,26.64,100,0,3.47,17.65,83.27
362,clyde river,ca,-20,83,90,1.5,70.47,-68.59
363,fernie,ca,-4,79,40,2.1,49.5,-115.06
364,adzope,ci,23.49,94,0,3.22,6.11,-3.86
365,mathathane,bw,19.07,74,0,1.42,-22.27,28.75
366,sri aman,my,26,88,75,1,1.24,111.46
367,san jose,gt,23.52,42,0,2.97,16.98,-89.9
368,tha mai,th,29,89,20,1.5,12.62,102.01
369,oranjestad,aw,27,78,40,6.2,12.52,-70.03
370,hami,cn,6.24,50,0,4.32,42.84,93.51
371,husavik,is,-3,100,90,2.6,66.04,-17.34
372,zubtsov,ru,-10.86,78,80,4.02,56.17,34.59
373,dourbali,td,21.02,30,8,3.02,11.81,15.86
374,beidao,cn,4.17,100,48,2.52,34.57,105.89
375,kodiak,us,1,74,90,8.7,39.95,-94.76
376,hosanagara,in,23.89,77,0,1.22,13.92,75.07
377,sakaiminato,jp,7,48,75,11.3,35.55,133.23
378,durban,za,24.52,100,92,1.72,-29.86,31.03
379,bumba,cd,21.89,96,12,1.42,2.18,22.47
380,denpasar,id,26.64,90,48,0.97,-8.65,115.22
381,naze,jp,19,72,75,9.8,28.37,129.48
382,umm lajj,sa,18.54,92,0,1.87,25.02,37.27
383,belaya glina,ru,0.32,91,92,6.67,46.08,40.86
384,presidente medici,br,24.29,95,36,1.22,-11.18,-61.9
385,sobolevo,ru,-6.01,90,92,4.92,54.43,31.9
386,lazarev,ru,-12.84,65,0,4.92,52.23,141.51
387,aleksandrovka,ru,-14.44,81,32,4.32,51.63,41.9
388,terrace bay,ca,-9.69,88,56,6.92,48.78,-87.1
389,emerald,au,29.82,55,80,7.27,-23.53,148.16
390,labytnangi,ru,-9.36,85,88,9.32,66.66,66.39
391,sosnovo-ozerskoye,ru,-17.76,68,0,1.47,52.53,111.54
392,cape canaveral,us,20.4,45,75,4.1,28.41,-80.6
393,oranjemund,na,17.62,96,92,7.57,-28.55,16.43
394,vestmanna,fo,-3,86,56,2.6,62.16,-7.17
395,sur,om,21.07,100,0,1.97,22.57,59.53
396,mailsi,pk,19.82,64,0,1.12,29.8,72.18
397,vaitape,pf,27.64,100,80,2.72,-16.52,-151.75
398,golspie,gb,2.4,100,90,0.5,57.97,-3.98
399,kurchum,kz,2.22,98,92,9.12,48.57,83.65
400,swan hill,au,25.07,72,0,3.87,-35.34,143.56
401,mozarlandia,br,25.42,77,24,2.22,-14.74,-50.57
402,pechenga,ru,-21.36,58,44,1.37,58.89,41.46
403,eten,pe,24,64,75,2.6,-6.91,-79.86
404,walvis bay,na,17,82,12,2.1,-22.95,14.51
405,inndyr,no,-6,62,0,9.8,67.03,14.03
406,santa cruz,cr,26,61,0,5.1,10.26,-85.58
407,saint-pierre,pm,1,80,75,16.5,46.77,-56.17
408,roald,no,-7.16,73,24,3.6,62.58,6.12
409,padampur,in,19.82,68,0,1.32,29.71,73.62
410,san-pedro,ci,24.67,95,0,2.67,4.75,-6.64
411,roebourne,au,36.12,28,0,2.22,-20.77,117.15
412,souillac,mu,26,83,40,5.1,-20.52,57.52
413,shu,kz,2.27,100,92,3.07,43.6,73.76
414,nome,us,12.46,58,1,2.1,30.04,-94.42
415,hit,iq,14.62,34,56,3.02,33.64,42.83
416,angol,cl,13.32,80,0,1.52,-37.8,-72.71
417,haapiti,pf,30,66,40,6.7,-17.57,-149.87
418,benito juarez,mx,18.24,30,0,4.87,28.64,-111.57
419,isaka,tz,15.89,95,64,1.52,-3.91,32.95
420,verkhnetulomskiy,ru,-28,68,0,1,68.61,31.8
421,geraldton,ca,-12,78,90,5.1,49.72,-86.95
422,innisfail,au,23.49,95,92,1.62,-17.52,146.03
423,dingle,ie,6.89,96,64,8.92,52.14,-10.27
424,paoua,cf,22.22,43,68,4.92,7.24,16.43
425,nuuk,gl,-9,85,75,3.1,64.17,-51.74
426,shaoguan,cn,15.77,100,92,1.32,24.81,113.59
427,viljoenskroon,za,14.57,99,56,1.52,-27.21,26.95
428,poyarkovo,ru,-9.79,51,0,2.47,49.62,128.65
429,corinto,ni,25.62,43,0,4.62,12.48,-87.17
430,zirandaro,mx,26.14,37,0,2.32,18.45,-100.98
431,kraluv dvur,cz,0.33,97,90,4.1,49.95,14.03
432,san cristobal,ec,16.57,100,92,0.82,-1.02,-79.44
433,tautira,pf,30,66,40,6.7,-17.73,-149.15
434,inhambane,mz,25.24,97,88,2.47,-23.87,35.38
435,poronaysk,ru,-11.46,82,8,4.92,49.22,143.1
436,moose factory,ca,-8,92,90,4.1,51.26,-80.61
437,coquimbo,cl,17,77,90,1,-29.95,-71.34
438,meiktila,mm,27.29,62,0,2.22,20.88,95.86
439,penalva,br,26.02,85,76,2.12,-3.29,-45.17
440,billings,us,-4,79,20,1.5,45.79,-108.5
441,vanimo,pg,28.39,100,12,8.37,-2.67,141.3
442,kingori,tz,20,94,75,4.1,-3.38,37.02
443,kavalerovo,ru,-10.46,45,0,1.42,44.27,135.06
444,hovd,mn,-9.44,83,32,1.27,48.01,91.64
445,kalabo,zm,17.97,77,0,1.27,-15,22.67
446,huarmey,pe,17.62,78,0,1.22,-10.07,-78.15
447,taltal,cl,10.14,97,0,0.87,-25.41,-70.49
448,vila velha,br,28,78,40,3.6,-3.71,-38.6
449,roma,au,22.39,93,80,5.37,-26.57,148.79
450,nenjiang,cn,-11.26,75,20,2.22,49.17,125.23
451,neryungri,ru,-19.74,46,24,4.82,56.66,124.71
452,nara,ml,20.02,29,0,3.87,15.17,-7.29
453,goose creek,us,6.8,56,90,4.6,38.32,-85.65
454,hashtrud,ir,3.47,79,0,4.02,37.48,47.05
455,sangar,ru,-26.19,45,0,1.77,63.92,127.47
456,zhigansk,ru,-25.84,44,0,2.62,66.77,123.37
457,borogontsy,ru,-24.69,39,8,3.02,62.67,131.17
458,araouane,ml,14.79,51,0,1.37,18.9,-3.53
459,marienburg,sr,24,94,20,2.1,5.88,-55.04
460,pevek,ru,-24.74,80,0,0.82,69.7,170.27
461,adrar,dz,19,46,0,3.6,27.87,-0.29
462,challans,fr,4.99,93,40,2.6,46.85,-1.88
463,lingao,cn,27.12,76,44,4.57,19.91,109.69
464,half moon bay,us,16.56,51,90,2.6,37.46,-122.43
465,marawi,sd,18.14,33,0,5.12,18.48,31.82
466,tadine,nc,27.89,96,92,7.87,-21.55,167.88
467,shimanovsk,ru,-10.86,42,0,1.62,52,127.67
468,matadi,cd,20.29,100,12,1.17,-5.83,13.46
469,cravo norte,co,25.79,79,48,3.47,6.3,-70.2
470,cabedelo,br,25,94,20,3.57,-6.97,-34.84
471,hokitika,nz,19.39,87,0,2.82,-42.72,170.96
472,egvekinot,ru,-15.64,77,68,1.67,66.32,-179.17
473,champasak,la,29,70,20,3.1,14.89,105.88
474,port macquarie,au,24,50,75,6.7,-31.43,152.91
475,toritama,br,23.42,88,92,2.32,-8.01,-36.06
476,raudeberg,no,-1,54,64,2.6,61.99,5.14
477,marsa matruh,eg,15,51,0,3.6,31.35,27.25
478,okha,ru,-15.76,92,0,8.72,53.59,142.95
479,novobirilyussy,ru,-8.04,81,20,4.02,56.95,90.69
480,keuruu,fi,-17.55,71,0,2.6,62.26,24.71
481,yook,ph,27.64,96,56,6.02,13.23,121.96
482,uyskoye,ru,-16.14,72,44,7.47,54.37,60.01
483,jinchang,cn,-0.21,84,0,1.17,38.52,102.19
484,starachowice,pl,-3.79,81,56,1.27,51.05,21.08
485,hwange,zw,18.99,86,56,1.47,-18.35,26.5
486,picota,pe,23,94,40,0.87,-6.92,-76.33
487,abrau-dyurso,ru,11,81,32,6,44.7,37.6
488,kahului,us,22.29,64,75,7.2,20.89,-156.47
489,mirabad,af,10.17,88,0,2.22,30.44,61.84
490,amod,in,23.07,70,32,4.62,21.99,72.87
491,broome,au,31,62,0,3.1,-17.97,122.23
492,kirakira,sb,27.17,100,20,2.22,-10.46,161.92
493,mackay,au,27.74,100,0,11.12,-21.15,149.2
494,coihaique,cl,15.43,82,0,3.6,-45.58,-72.07
495,sabang,id,28.24,100,24,2.22,1.17,120.82
496,morant bay,jm,25,65,20,3.6,17.88,-76.41
497,najran,sa,15,33,0,0.97,17.54,44.22
498,scottsbluff,us,-3,63,1,2.1,41.87,-103.67
499,kropotkin,ru,1.64,92,92,4.02,45.43,40.58
500,paso de los toros,uy,15.72,63,0,4.02,-32.81,-56.52
501,derzhavinsk,kz,-10.24,85,64,9.77,51.1,66.31
502,knin,hr,8.49,93,92,2.1,44.04,16.2
503,namibe,ao,22.99,100,0,2.52,-15.19,12.15
504,phan thiet,vn,28.32,78,0,7.32,10.93,108.1
505,lufilufi,ws,27,83,90,2.1,-13.87,-171.6
506,jagdalpur,in,26.64,38,0,1.97,19.09,82.02
507,suamico,us,-2.86,79,90,8.2,44.63,-88.04
508,rochegda,ru,-15.61,81,0,3.22,62.67,43.41
509,boksitogorsk,ru,-13.14,80,88,2.67,59.47,33.85
510,hearst,ca,-10.29,81,92,2.57,49.69,-83.67
511,healdsburg,us,14.24,66,1,1.62,38.61,-122.87
512,shache,cn,4.42,60,0,1.17,38.42,77.24
513,shingu,jp,12,58,75,3.1,33.72,135.99
514,alugan,ph,27.72,93,88,6.07,12.22,125.48
515,houma,us,13.98,82,1,1.5,29.6,-90.72
516,upington,za,23,64,20,5.1,-28.46,21.24
517,darlawn,in,23.62,56,0,0.52,24.02,92.93
518,jishu,cn,-12.44,90,80,3.17,44.29,126.79
519,sao joao da barra,br,26.04,100,88,1.87,-21.64,-41.05
520,amga,ru,-23.59,52,32,2.82,60.89,131.98
521,vostok,ru,-11.89,51,0,1.27,46.45,135.83
522,zambezi,zm,17.12,83,12,1.27,-13.55,23.12
523,boyolangu,id,28.92,81,12,1.37,-8.09,111.9
524,padang,id,30,66,40,2.1,-0.92,100.36
525,victor harbor,au,29,42,0,5.7,-35.55,138.62
526,grand gaube,mu,26,83,40,5.1,-20.01,57.66
527,kalmar,se,-1,100,64,3.1,56.66,16.36
528,kalmunai,lk,24.42,96,48,1.82,7.42,81.82
529,algiers,dz,13,93,75,1.5,36.75,3.04
530,panguna,pg,26.99,89,36,1.62,-6.32,155.48
531,kalaiya,np,22.02,35,0,0.77,27.03,85
532,kandrian,pg,29.62,79,64,1.42,-6.21,149.55
533,fortuna foothills,us,22,7,1,2.6,32.66,-114.41
534,lawrenceville,us,1.21,86,90,3.6,38.73,-87.68
535,guamo,co,22,100,40,1.5,4.03,-74.97
536,orlovskiy,ru,-4.46,89,64,7.52,46.87,42.05
537,arroyo,us,-1,86,90,4.1,41.39,-78.88
538,hambantota,lk,26.64,100,0,3.77,6.12,81.12
539,kamaishi,jp,-2,42,20,2.1,39.28,141.86
540,durres,al,12,81,90,3.6,41.32,19.44
541,ulkan,ru,-16.59,56,32,2.22,57.24,107.32
542,simpang,id,27.37,100,24,1.52,4.36,96.17
543,port alberni,ca,4.94,81,75,1,49.24,-124.81
544,kimbe,pg,27.97,100,64,3.22,-5.56,150.15
545,ugoofaaru,mv,28.04,100,8,2.82,5.67,73
546,tromso,no,-7,44,0,2.1,69.65,18.96
547,ures,mx,13.49,68,0,1.47,30.73,-112.95
548,santa cruz cabralia,br,27,88,20,3.1,-16.28,-39.02
549,jieshi,cn,19.47,90,24,7.32,22.82,115.83
550,ambilobe,mg,20.99,100,80,2.42,-13.19,49.05
551,koslan,ru,-11.79,64,64,5.22,63.46,48.9
552,skibbereen,ie,1,86,0,4.1,51.55,-9.27
553,otjimbingwe,na,19.07,94,92,1.42,-22.35,16.13
554,westport,ie,3.14,100,80,3.77,53.8,-9.52
555,ruteng,id,27.57,83,36,1.27,-8.61,120.46
556,anjozorobe,mg,17,100,75,0.87,-18.4,47.88
557,qasigiannguit,gl,-14,65,75,6.2,68.82,-51.19
558,shestakovo,ru,-13.99,45,32,2.12,56.49,103.96
559,poum,nc,27.22,100,32,13.32,-20.23,164.02
560,lethem,gy,26.14,72,20,5.07,3.38,-59.8
561,severnoye,ru,-14.46,81,24,4.57,54.09,52.54
562,komsomolskiy,ru,-13.79,82,80,9.07,67.55,63.78
563,farafangana,mg,25.07,100,36,6.72,-22.82,47.83
564,synya,ru,-15.49,78,68,2.82,65.37,58.04
565,zeya,ru,-14.04,45,0,1.47,53.74,127.27
566,sao miguel do araguaia,br,25.79,84,32,2.92,-13.28,-50.16
567,parrita,cr,20,72,40,5.1,9.52,-84.33
568,sechura,pe,23.77,83,24,2.47,-5.56,-80.82
569,marrakesh,ma,15,82,75,1.5,31.63,-7.99
570,kaeo,nz,21.27,76,48,4.12,-35.1,173.78
571,buenos aires,hn,20.9,48,5,1,14.12,-87.2
572,atar,mr,16.49,54,0,2.67,20.52,-13.05
573,bubaque,gw,23.49,100,0,5.22,11.28,-15.83
574,huadian,cn,-10.04,72,92,1.42,42.97,126.75
575,ixtapa,mx,22,88,5,0.47,20.71,-105.21
576,tarakan,id,28.57,93,0,1.72,3.3,117.63
577,tezu,in,8.52,100,92,0.52,27.93,96.16
578,sidi ali,dz,11.07,100,92,4.82,36.1,0.42
579,sabzevar,ir,4.87,88,12,2.17,36.21,57.68
580,lukhovitsy,ru,-12.21,88,92,4.82,54.97,39.03
581,ust-nera,ru,-24.39,68,32,1.22,64.57,143.24
582,maxixe,mz,25.24,97,88,2.47,-23.86,35.35
583,te anau,nz,15.72,68,12,1.52,-45.41,167.72
584,moerai,pf,26.74,100,92,3.92,-22.43,-151.33
585,great falls,us,-10.99,92,1,2.1,47.5,-111.29
586,baturaja,id,25.54,97,88,1.47,-4.12,104.17
587,tual,id,27.32,100,92,8.42,-5.67,132.75
588,siocon,ph,28.37,95,12,5.37,11.03,124.04
589,nyimba,zm,19.04,100,56,1.32,-14.56,30.81
590,san policarpo,ph,27.72,93,88,6.07,12.18,125.51
591,mayumba,ga,25.32,100,48,2.62,-3.44,10.65
592,saint-joseph,re,26,83,90,10.3,-21.37,55.62
593,sengiley,ru,-16,65,12,3,53.96,48.79
594,sovetskiy,ru,-19.71,76,0,4.77,56.76,48.47
595,erzin,ru,-11.29,64,0,1.07,50.26,95.16
596,codajas,br,23.79,98,56,0.42,-3.84,-62.06
597,brcko,ba,1,100,90,4.6,44.87,18.81
598,dunda,tz,14.37,91,8,0.52,-8.12,34.25
599,mujiayingzi,cn,1.12,47,88,5.67,42.12,118.78
600,marsh harbour,bs,21.32,100,0,4.72,26.54,-77.06
601,yar-sale,ru,-6.51,90,92,9.32,66.83,70.83
602,asyut,eg,18,42,0,2.1,27.18,31.19
603,homer,us,-0.03,100,75,1.5,59.64,-151.54
604,la rioja,ar,18.49,84,48,0.82,-29.41,-66.86
605,ust-tsilma,ru,-14.24,71,64,5.12,65.44,52.15
606,karratha,au,36.12,28,0,2.22,-20.74,116.85
607,banyo,cm,19.37,46,32,0.82,6.75,11.81
608,eydhafushi,mv,28.04,100,8,2.82,5.1,73.07
609,evreux,fr,5.02,93,75,2.1,49.02,1.15
610,sebina,bw,19.39,69,64,3.67,-20.83,27.22
611,aripuana,br,24.87,93,24,0.87,-9.17,-60.63
612,mangochi,mw,19.37,100,68,1.12,-14.48,35.26
613,teruel,es,8,61,0,3.1,40.34,-1.11
614,hirara,jp,22,73,75,5.1,24.8,125.28
615,cumana,ve,20.72,94,64,1.42,10.46,-64.17
616,saint pete beach,us,21,68,75,4.1,27.73,-82.74
617,tiznit,ma,15.77,99,92,3.12,29.7,-9.73
618,kidal,ml,13.97,46,0,1.42,18.44,1.41
619,pontes e lacerda,br,23.47,96,68,1.27,-15.23,-59.33
620,suntar,ru,-20.09,66,56,1.77,62.16,117.65
621,constitucion,cl,13.49,95,0,1.82,-35.33,-72.42
622,quatre cocos,mu,26,83,40,5.1,-20.21,57.76
623,inirida,co,23.57,97,12,0.87,3.87,-67.92
624,marovoay,mg,25,94,40,2.1,-16.11,46.64
625,deputatskiy,ru,-26.69,67,32,1.67,69.3,139.9
626,sept-iles,ca,-6,73,90,3.1,50.2,-66.38
627,sembe,cg,21.17,93,32,0.97,1.65,14.58
628,wajima,jp,1,74,75,7.2,37.4,136.9
629,malkapur,in,23.02,38,0,2.42,20.89,76.2
630,pirna,de,0,95,75,2.6,50.96,13.94
631,caxito,ao,24,88,0,1.5,-8.58,13.66
632,kisangani,cd,22.87,89,68,1.67,0.52,25.21
633,makat,kz,-18.54,59,0,1.32,47.65,53.35
634,skagen,dk,1.29,100,32,6.57,57.72,10.58
635,le port,re,26,74,40,10.8,-20.94,55.29
636,clifton,us,3.66,69,90,3.6,40.86,-74.16
637,sao jose da coroa grande,br,24.32,100,56,3.32,-8.9,-35.15
638,richards bay,za,21.89,96,24,2.42,-28.77,32.06
639,pundaguitan,ph,29.27,94,0,2.32,6.37,126.17
640,navrongo,gh,25.54,57,0,3.87,10.89,-1.09
641,khandyga,ru,-25.69,64,68,1.62,62.65,135.58
642,sawakin,sd,17.17,100,0,1.47,19.1,37.33
643,puerto del rosario,es,19,82,68,4.1,28.5,-13.86
644,tolaga bay,nz,21.97,75,92,5.27,-38.37,178.3
645,butia,br,23,83,0,3.1,-21.88,-47.57
646,shitanjing,cn,1.04,38,0,2.67,39.23,106.34
647,san angelo,us,13,20,1,4.1,31.46,-100.44
648,pinhao,br,17.37,95,64,0.97,-25.7,-51.66
649,touros,br,26.77,90,92,3.77,-5.2,-35.46
650,fomboni,km,27.24,100,64,8.82,-12.28,43.74
651,flinders,au,23,46,0,5.1,-34.58,150.85
652,riyadh,sa,18,36,0,2.1,24.63,46.72
653,bandar,id,25.54,97,88,1.47,-4.2,104.14
654,sabancuy,mx,26.77,89,0,7.07,18.97,-91.18
655,trencin,sk,0.47,82,90,1.5,48.89,18.04
656,obo,cf,19.32,72,8,1.27,5.39,26.49
657,panzhihua,cn,19.47,43,8,1.52,26.59,101.72
658,college,us,-3.68,68,90,2.6,64.86,-147.8
659,pyay,mm,29.22,55,0,3.37,18.82,95.22
660,nelson bay,au,24,50,20,8.2,-32.72,152.14
661,dhidhdhoo,mv,27.67,100,64,1.77,6.88,73.1
662,port said,eg,14.57,32,0,1.22,25.34,30.55
663,yulara,au,30,12,20,7.7,-25.24,130.99
664,veraval,in,23.42,76,12,4.02,20.9,70.37
665,carahue,cl,11.72,100,0,1.17,-38.71,-73.16
666,neuruppin,de,1,97,75,1.5,52.92,12.81
667,stolin,by,2.49,98,88,5.12,51.89,26.85
668,imeni poliny osipenko,ru,-11.01,56,12,2.57,52.42,136.49
669,baiyin,cn,2,51,40,2,36.55,104.13
670,nikki,bj,24.62,49,12,2.77,9.94,3.21
